0;0;0;0;x;x;
1;183;104;76;vinland;x;
2;107;75;30;port_au_choix;x;
3;107;75;189;north_harbour_deep;x;
4;92;108;20;harbour_deep;x;
5;27;44;129;jacksons_arm;x;
6;157;72;220;grosmorne;x;
7;72;125;134;deer_lake;x;
8;184;135;146;stephenville;x;
9;164;72;50;sandy_point;x;
10;99;173;179;st_davids;x;
11;99;45;132;channel-port_aux_basques;x;
12;160;144;170;la_poile;x;
13;29;132;41;ramea;x;
14;109;148;48;meelpaeg_14;x;
15;79;75;62;buchans;x;
16;166;153;196;baie_verte;x;
17;166;153;105;roberts_arm;x;
18;166;66;105;badger;x;
19;227;127;100;mccallum;x;
20;50;30;76;saint_albans;x;
21;195;13;179;middle_newf;x;
22;50;183;76;new-wes-valley;x;
23;88;161;110;bonavista;x;
24;169;103;80;bay_du_nord;x;
25;120;33;118;st_pierre;x;
26;50;255;76;avalon;x;
27;185;153;179;st_johns_27;x;
28;114;238;251;west_port_hope;x;
29;147;149;80;williams_harbour;x;
30;247;87;113;marys_harbour;x;
31;235;111;34;labrador_4;x;
32;154;100;142;labrador_5;x;
33;205;48;123;cote_nord_33;x;
34;60;108;95;cote_nord_34;x;
35;22;50;156;blanc-sablon;x;
36;227;157;95;old_fort;x;
37;218;228;162;cote_nord_37;x;
38;255;180;206;cote_nord_38;x;
39;8;191;77;cote_nord_39;x;
40;106;26;150;pakuashipi;x;
41;192;168;135;tete-a-la-baleine;x;
42;81;156;8;chevery;x;
43;36;76;116;cote_nord_43;x;
44;235;202;4;cote_nord_44;x;
45;47;14;196;cote_nord_45;x;
46;236;24;194;cote_nord_46;x;
47;132;87;194;cote_nord_47;x;
48;179;225;57;cote_nord_48;x;
49;45;113;250;cote_nord_49;x;
50;38;176;86;cote_nord_50;x;
51;45;35;68;cote_nord_51;x;
52;132;134;58;cote_nord_52;x;
53;227;130;231;natashquan;x;
54;56;30;182;cote_nord_54;x;
55;186;255;32;cote_nord_55;x;
56;157;220;180;cote_nord_56;x;
57;192;123;135;cote_nord_57;x;
58;124;89;29;cote_nord_58;x;
59;71;165;50;havre-saint-pierre;x;
60;13;144;148;cote_nord_60;x;
61;246;157;117;cote_nord_61;x;
62;110;219;131;cote_nord_62;x;
63;253;80;215;cote_nord_63;x;
64;165;183;235;mingan;x;
65;50;41;76;port-menier;x;
66;233;28;76;anticosti_north;x;
67;50;123;76;pointe_sud;x;
68;233;192;76;anticosti_south;x;
69;36;87;13;cote_nord_69;x;
70;196;213;3;cote_nord_70;x;
71;69;205;81;cote_nord_71;x;
72;53;213;241;cote_nord_72;x;
73;186;238;35;cote_nord_73;x;
74;241;134;143;cote_nord_74;x;
75;236;73;163;cote_nord_75;x;
76;87;111;192;cote_nord_76;x;
77;39;8;16;cote_nord_77;x;
78;222;177;170;cote_nord_78;x;
79;19;140;24;sept_iles;x;
80;151;135;158;port_cartier;x;
81;114;50;214;cote_nord_81;x;
82;15;143;37;cote_nord_82;x;
83;97;53;19;cote_nord_83;x;
84;170;136;40;cote_nord_84;x;
85;19;89;143;province_{prov_id};x;
86;195;9;189;province_86;x;
87;38;236;111;baie-comeau;x;
88;163;66;2;province_88;x;
89;98;48;93;province_89;x;
90;233;158;114;province_90;x;
91;28;95;24;province_91;x;
92;130;111;42;province_92;x;
93;242;144;120;province_93;x;
94;156;195;191;province_94;x;
95;11;187;233;ruisseau-vert;x;
96;174;141;93;forestville;x;
97;113;230;30;province_97;x;
98;138;27;74;province_98;x;
99;177;93;129;province_99;x;
100;248;70;45;province_100;x;
101;35;90;28;province_101;x;
102;107;114;237;province_102;x;
103;60;89;83;province_103;x;
104;194;27;152;province_104;x;
105;177;35;12;province_105;x;
106;19;212;5;province_106;x;
107;216;73;69;province_107;x;
108;186;225;50;province_108;x;
109;22;35;98;province_109;x;
110;103;212;96;province_110;x;
111;169;162;124;province_111;x;
112;52;49;33;province_112;x;
113;225;70;218;province_113;x;
114;122;212;86;province_114;x;
115;38;125;168;province_115;x;
116;233;149;141;province_116;x;
117;255;235;235;province_117;x;
118;57;190;194;province_118;x;
119;65;202;77;riviere-eternite;x;
120;249;232;27;saint-simeon;x;
121;73;208;81;la_malbaie;x;
122;200;133;89;province_122;x;
123;234;41;206;province_123;x;
124;92;246;110;saguenay;x;
125;148;148;68;monts-valin;x;
126;136;45;24;province_126;x;
127;254;241;177;alma_127;x;
128;248;127;90;province_128;x;
129;201;222;75;province_129;x;
130;26;199;154;province_130;x;
131;164;172;247;province_131;x;
132;98;107;243;province_132;x;
133;76;206;46;dolbeau-mistassini;x;
134;255;151;228;chambord;x;
135;6;211;216;province_135;x;
136;226;51;48;province_136;x;
137;180;213;190;province_137;x;
138;247;63;83;baie-saint-paul;x;
139;103;145;137;quebec_city;x;
140;238;143;179;province_140;x;
141;12;118;13;province_141;x;
142;140;71;40;province_142;x;
143;28;213;114;province_143;x;
144;46;214;170;saint-felicien;x;
145;202;44;77;province_145;x;
146;204;243;205;province_146;x;
147;102;94;242;province_147;x;
148;166;162;116;province_148;x;
149;193;79;108;province_149;x;
150;144;96;203;province_150;x;
151;245;203;138;province_151;x;
152;76;182;252;province_152;x;
153;232;221;182;province_153;x;
154;89;18;99;province_154;x;
155;145;236;71;province_155;x;
156;189;184;242;province_156;x;
157;85;176;185;province_157;x;
158;155;160;187;province_158;x;
159;19;224;201;province_159;x;
160;191;191;180;province_160;x;
161;243;233;23;province_161;x;
162;117;40;223;province_162;x;
163;252;52;16;province_163;x;
164;182;236;9;province_164;x;
165;123;207;132;province_165;x;
166;173;50;97;province_166;x;
167;192;125;43;province_167;x;
168;238;99;197;province_168;x;
169;179;202;249;province_169;x;
170;195;210;42;province_170;x;
171;13;147;1;province_171;x;
172;233;187;177;province_172;x;
173;49;63;92;province_173;x;
174;78;162;104;province_174;x;
175;22;100;242;province_175;x;
176;234;160;252;province_176;x;
177;71;138;54;province_177;x;
178;173;228;225;province_178;x;
179;209;181;111;province_179;x;
180;76;127;111;province_180;x;
181;228;103;38;province_181;x;
182;40;27;65;province_182;x;
183;150;102;190;province_183;x;
184;91;146;104;province_184;x;
185;62;196;182;province_185;x;
186;162;255;246;province_186;x;
187;52;16;116;province_187;x;
188;187;94;155;province_188;x;
189;18;87;245;province_189;x;
190;175;22;72;province_190;x;
191;192;13;146;province_191;x;
192;72;113;53;province_192;x;
193;23;197;11;province_193;x;
194;73;11;128;province_194;x;
195;147;39;241;province_195;x;
196;170;203;148;province_196;x;
197;83;228;235;province_197;x;
198;195;25;35;province_198;x;
199;6;74;72;montreal;x;
200;60;23;31;province_200;x;
201;238;60;1;province_201;x;
202;88;158;56;province_202;x;
203;185;95;23;province_203;x;
204;113;213;210;province_204;x;
205;40;1;31;province_205;x;
206;224;58;197;province_206;x;
207;115;89;103;province_207;x;
208;119;234;126;province_208;x;
209;187;135;223;province_209;x;
210;72;91;114;province_210;x;
211;84;104;3;province_211;x;
212;253;247;182;province_212;x;
213;168;5;27;province_213;x;
214;148;52;250;province_214;x;
215;232;128;63;province_215;x;
216;2;117;92;province_216;x;
217;11;214;15;province_217;x;
218;9;86;252;province_218;x;
219;156;162;10;province_219;x;
220;154;242;208;province_220;x;
221;183;198;199;province_221;x;
222;15;252;224;province_222;x;
223;89;235;11;province_223;x;
224;158;118;70;province_224;x;
225;241;34;30;province_225;x;
226;170;100;239;province_226;x;
227;131;3;114;province_227;x;
228;22;31;125;province_228;x;
229;194;203;105;province_229;x;
230;195;133;56;province_230;x;
231;218;82;241;province_231;x;
232;249;84;118;province_232;x;
233;190;219;11;province_233;x;
234;64;136;48;province_234;x;
235;168;76;38;province_235;x;
236;254;197;200;province_236;x;
237;146;5;3;province_237;x;
238;124;74;126;province_238;x;
239;75;85;229;province_239;x;
240;248;33;71;province_240;x;
241;41;166;45;province_241;x;
242;205;251;172;province_242;x;
243;198;15;223;province_243;x;
244;109;133;125;province_244;x;
245;205;114;41;province_245;x;
246;76;105;139;province_246;x;
247;248;231;143;province_247;x;
248;203;104;80;province_248;x;
249;17;203;70;province_249;x;
250;253;33;117;province_250;x;
251;217;51;223;province_251;x;
252;148;163;0;province_252;x;
253;254;80;51;province_253;x;
254;254;59;187;province_254;x;
255;47;140;199;province_255;x;
256;161;134;177;province_256;x;
257;114;206;23;north_bay;x;
258;91;108;148;ontario_258;x;
259;208;52;82;ontario_259;x;
260;238;167;42;ontario_260;x;
261;125;181;204;ontario_261;x;
262;236;188;176;ontario_262;x;
263;173;91;2;ontario_263;x;
264;240;40;190;ontario_264;x;
265;196;151;67;ontario_265;x;
266;73;224;0;ontario_266;x;
267;207;133;86;ontario_267;x;
268;184;235;209;verner;x;
269;111;91;188;notre_dame_du_lac;x;
270;224;73;91;ontario_270;x;
271;9;186;240;ontario_271;x;
272;38;86;68;sudbury;x;
273;153;148;40;ontario_273;x;
274;7;79;29;ontario_274;x;
275;105;147;169;ontario_275;x;
276;31;164;96;ontario_276;x;
277;114;147;175;ontario_277;x;
278;229;129;44;ontario_278;x;
279;222;211;172;ontario_279;x;
280;244;81;18;ontario_280;x;
281;39;199;162;ontario_281;x;
282;105;208;137;ontario_282;x;
283;10;223;235;ontario_283;x;
284;137;150;72;whitefish;x;
285;175;83;189;french_river_285;x;
286;222;96;77;killarney;x;
287;54;32;85;ontario_287;x;
288;95;203;172;ontario_288;x;
289;137;50;190;ontario_289;x;
290;119;223;29;ontario_290;x;
291;141;24;83;ontario_291;x;
292;16;141;101;ontario_292;x;
293;2;77;148;ontario_293;x;
294;45;111;32;ontario_294;x;
295;85;144;240;ontario_295;x;
296;183;21;227;ontario_296;x;
297;107;127;121;ontario_297;x;
298;48;135;61;ontario_298;x;
299;102;54;197;ontario_299;x;
300;218;1;49;ontario_300;x;
301;13;96;25;ontario_301;x;
302;190;171;24;ontario_302;x;
303;133;145;196;ontario_303;x;
304;139;105;60;ontario_304;x;
305;177;90;196;elliot_lake;x;
306;226;165;92;whiskey_lake;x;
307;147;241;10;spanish;x;
308;0;65;73;blind_river;x;
309;243;137;55;thessalon;x;
310;236;210;199;echo_bay;x;
311;202;64;56;st_joseph_island;x;
312;26;22;173;sault_ste_marie_312;x;
313;132;96;145;glendale;x;
314;10;193;33;little_white_river;x;
315;84;94;181;aubinadong-nushatogani;x;
316;250;205;88;searchmont;x;
317;108;201;42;ontario_317;x;
318;230;134;81;ontario_318;x;
319;64;15;169;ontario_319;x;
320;174;252;123;ontario_320;x;
321;49;40;19;ontario_321;x;
322;51;177;245;ontario_322;x;
323;43;255;62;ontario_323;x;
324;137;139;189;ontario_324;x;
325;232;84;107;ontario_325;x;
326;0;190;7;ontario_326;x;
327;3;118;221;ontario_327;x;
328;173;168;222;ontario_328;x;
329;155;118;114;ontario_329;x;
330;194;85;41;ontario_330;x;
331;213;238;40;ontario_331;x;
332;252;255;198;ontario_332;x;
333;9;216;218;ontario_333;x;
334;246;162;82;ontario_334;x;
335;248;80;17;ontario_335;x;
336;43;95;136;ontario_336;x;
337;245;129;136;ontario_337;x;
338;38;56;208;michipicoten;x;
339;67;76;75;ontario_339;x;
340;153;27;218;ontario_340;x;
341;32;191;124;ontario_341;x;
342;192;173;215;ontario_342;x;
343;149;229;210;ontario_343;x;
344;139;241;49;ontario_344;x;
345;155;114;67;ontario_345;x;
346;118;132;62;ontario_346;x;
347;99;33;201;ontario_347;x;
348;152;6;59;ontario_348;x;
349;16;18;95;ontario_349;x;
350;142;98;140;ontario_350;x;
351;73;94;209;ontario_351;x;
352;212;7;125;ontario_352;x;
353;247;162;54;ontario_353;x;
354;161;178;159;ontario_354;x;
355;128;101;14;ontario_355;x;
356;98;60;198;ontario_356;x;
357;38;5;119;ontario_357;x;
358;11;220;175;ontario_358;x;
359;103;18;65;ontario_359;x;
360;14;76;120;ontario_360;x;
361;36;150;80;ontario_361;x;
362;208;120;124;ontario_362;x;
363;111;26;138;ontario_363;x;
364;211;228;202;ontario_364;x;
365;168;143;249;ontario_365;x;
366;207;159;195;ontario_366;x;
367;224;238;27;ontario_367;x;
368;9;248;198;ontario_368;x;
369;215;65;202;ontario_369;x;
370;108;99;5;ontario_370;x;
371;203;45;162;ontario_371;x;
372;63;210;233;ontario_372;x;
373;11;115;36;ontario_373;x;
374;49;123;183;ontario_374;x;
375;192;115;189;ontario_375;x;
376;251;201;158;ontario_376;x;
377;32;3;79;ontario_377;x;
378;79;42;10;ontario_378;x;
379;218;160;153;ontario_379;x;
380;80;121;26;ontario_380;x;
381;225;239;37;ontario_381;x;
382;186;6;133;ontario_382;x;
383;7;68;161;ontario_383;x;
384;53;189;89;ontario_384;x;
385;160;16;214;ontario_385;x;
386;193;200;195;ontario_386;x;
387;119;113;11;ontario_387;x;
388;29;51;107;ontario_388;x;
389;79;42;8;ontario_389;x;
390;13;152;3;ontario_390;x;
391;234;30;7;ontario_391;x;
392;124;80;57;ontario_392;x;
393;71;209;148;ontario_393;x;
394;202;159;59;ontario_394;x;
395;183;91;69;ontario_395;x;
396;119;222;48;ontario_396;x;
397;172;204;176;ontario_397;x;
398;255;251;142;ontario_398;x;
399;24;78;231;ontario_399;x;
400;144;84;15;ontario_400;x;
401;30;109;34;isle_royale;x;
402;116;206;117;province_402;x;
403;238;18;8;province_403;x;
404;113;147;133;province_404;x;
405;220;18;218;province_405;x;
406;121;225;132;province_406;x;
407;219;214;30;province_407;x;
408;60;28;143;province_408;x;
409;7;110;81;province_409;x;
410;251;206;182;province_410;x;
411;211;141;240;province_411;x;
412;81;39;139;province_412;x;
413;24;219;165;province_413;x;
414;60;71;112;province_414;x;
415;190;76;127;province_415;x;
416;196;192;212;province_416;x;
417;9;173;53;province_417;x;
418;205;190;250;province_418;x;
419;61;229;222;province_419;x;
420;126;44;87;province_420;x;
421;237;51;12;province_421;x;
422;41;45;182;province_422;x;
423;176;94;49;province_423;x;
424;183;25;151;province_424;x;
425;193;154;43;province_425;x;
426;0;41;173;province_426;x;
427;150;3;152;province_427;x;
428;229;17;48;province_428;x;
429;187;160;206;province_429;x;
430;35;29;33;province_430;x;
431;172;224;89;province_431;x;
432;96;6;244;province_432;x;
433;33;36;17;province_433;x;
434;235;61;41;province_434;x;
435;49;60;179;province_435;x;
436;146;181;147;province_436;x;
437;110;122;200;province_437;x;
438;111;0;205;province_438;x;
439;22;124;125;province_439;x;
440;150;68;71;province_440;x;
441;162;124;96;province_441;x;
442;11;87;180;province_442;x;
443;217;62;49;province_443;x;
444;13;227;87;province_444;x;
445;120;45;119;province_445;x;
446;82;48;238;province_446;x;
447;183;227;130;province_447;x;
448;185;0;192;province_448;x;
449;249;211;34;province_449;x;
450;169;71;97;province_450;x;
451;74;151;117;province_451;x;
452;50;219;247;province_452;x;
453;236;163;209;province_453;x;
454;16;214;16;province_454;x;
455;74;105;13;province_455;x;
456;231;184;52;province_456;x;
457;224;59;10;province_457;x;
458;197;90;233;province_458;x;
459;125;13;111;province_459;x;
460;93;114;213;province_460;x;
461;118;201;84;province_461;x;
462;250;231;102;province_462;x;
463;83;151;153;province_463;x;
464;161;197;23;province_464;x;
465;250;215;114;province_465;x;
466;240;215;245;province_466;x;
467;222;187;58;province_467;x;
468;2;125;179;province_468;x;
469;3;141;99;province_469;x;
470;233;152;126;minnesota_470;x;
471;206;77;2;minnesota_471;x;
472;157;130;249;minnesota_472;x;
473;132;74;48;minnesota_473;x;
474;178;124;190;minnesota_474;x;
475;33;23;222;minnesota_475;x;
476;129;91;48;minnesota_476;x;
477;175;210;2;minnesota_477;x;
478;232;129;139;minnesota_478;x;
479;186;170;138;minnesota_479;x;
480;191;106;16;minnesota_480;x;
481;187;10;221;minnesota_481;x;
482;73;162;109;minnesota_482;x;
483;215;197;147;minnesota_483;x;
484;21;86;54;minnesota_484;x;
485;255;211;46;minnesota_485;x;
486;88;42;92;minnesota_486;x;
487;88;140;220;minnesota_487;x;
488;46;207;79;minnesota_488;x;
489;167;60;107;minnesota_489;x;
490;108;134;14;minnesota_490;x;
491;28;53;136;minnesota_491;x;
492;180;120;3;minnesota_492;x;
493;243;48;141;minnesota_493;x;
494;1;232;171;minnesota_494;x;
495;122;157;21;minnesota_495;x;
496;136;47;220;minnesota_496;x;
497;201;245;109;minnesota_497;x;
498;53;40;2;minnesota_498;x;
499;107;108;159;minnesota_499;x;
500;81;28;20;minnesota_500;x;
501;139;2;77;minnesota_501;x;
502;138;180;83;minnesota_502;x;
503;179;157;136;minnesota_503;x;
504;202;227;27;minnesota_504;x;
505;123;31;144;minnesota_505;x;
506;112;100;50;province_506;x;
507;65;246;122;province_507;x;
508;252;63;63;province_508;x;
509;14;126;30;province_509;x;
510;79;222;228;province_510;x;
511;145;187;147;province_511;x;
512;83;26;100;province_512;x;
513;134;89;83;province_513;x;
514;76;214;70;province_514;x;
515;236;28;58;province_515;x;
516;221;219;118;province_516;x;
517;214;94;70;province_517;x;
518;176;163;127;province_518;x;
519;13;96;65;province_519;x;
520;16;196;152;province_520;x;
521;224;81;62;province_521;x;
522;159;50;154;province_522;x;
523;163;52;45;province_523;x;
524;93;43;136;province_524;x;
525;158;168;74;province_525;x;
526;126;3;3;province_526;x;
527;169;0;131;province_527;x;
528;255;195;59;province_528;x;
529;227;43;53;province_529;x;
530;92;177;131;province_530;x;
531;112;220;249;province_531;x;
532;87;87;16;province_532;x;
533;204;227;112;province_533;x;
534;27;33;136;province_534;x;
535;252;63;96;province_535;x;
536;113;207;93;province_536;x;
537;54;56;36;province_537;x;
538;136;81;138;province_538;x;
539;84;163;109;province_539;x;
540;151;54;46;province_540;x;
541;49;155;55;province_541;x;
542;232;100;34;province_542;x;
543;218;86;67;province_543;x;
544;29;58;137;province_544;x;
545;106;63;151;province_545;x;
546;140;47;0;province_546;x;
547;124;103;124;province_547;x;
548;157;157;211;province_548;x;
549;49;40;255;province_549;x;
550;215;28;58;province_550;x;
551;63;155;53;province_551;x;
552;255;16;118;province_552;x;
553;126;160;128;province_553;x;
554;95;164;151;province_554;x;
555;154;243;47;michigan_555;x;
556;222;84;149;ontonagon;x;
557;91;82;158;houghton;x;
558;45;47;42;copper_harbor;x;
559;97;59;25;portage_charter;x;
560;249;173;31;baraga;x;
561;37;131;82;lanse;x;
562;133;44;123;amasa;x;
563;92;220;65;iron_mountain;x;
564;213;118;37;armstrong_creek;x;
565;26;56;28;lakewood_565;x;
566;155;220;249;mountain;x;
567;215;82;185;marinette;x;
568;177;38;39;athelstane;x;
569;116;68;241;wausaukee;x;
570;247;220;96;cedar river;x;
571;239;38;39;escanaba_forest;x;
572;169;160;137;norway;x;
573;50;43;151;foster_city;x;
574;204;227;63;ishpeming;x;
575;43;70;108;marquette;x;
576;139;107;143;powell;x;
577;197;176;72;deerton;x;
578;49;124;55;rock;x;
579;255;195;133;escanaba;x;
580;167;158;135;big_bay_de_noc;x;
581;87;79;16;hiawatha_forest;x;
582;35;9;170;munising;x;
583;208;186;4;grand_marais;x;
584;245;28;92;seney;x;
585;58;193;27;manistique;x;
586;143;66;132;gould_city;x;
587;16;196;190;mcmillan;x;
588;83;49;52;deer_park;x;
589;178;212;185;paradise;x;
590;60;213;43;newberry;x;
591;234;160;0;naubinway;x;
592;192;48;23;epoufette;x;
593;148;70;205;eckerman;x;
594;115;28;134;whitefish_bay;x;
595;75;88;148;sault_ste_marie;x;
596;234;166;100;mackinac;x;
597;198;137;192;de_tour;x;
598;141;119;30;cockburn_island;x;
599;174;64;199;barrie_island;x;
600;43;97;148;tehkummah;x;
601;105;240;208;french_river;x;
602;216;232;157;port_loring;x;
603;214;202;228;south_nipissing;x;
604;212;144;54;corbeil;x;
605;155;39;10;mattawa;x;
606;98;210;7;stonecliffe;x;
607;71;124;177;deep_river;x;
608;252;184;131;pembroke;x;
609;184;208;204;beachburg;x;
610;212;251;45;renfrew;x;
611;188;188;236;kinburn;x;
612;195;220;130;ottawa;x;
613;192;9;42;cumberland;x;
614;48;36;149;wendover;x;
615;52;148;129;hawkesbury_615;x;
616;204;4;176;vaudreuil-dorion;x;
617;245;197;51;lancaster_617;x;
618;126;227;229;cornwall;x;
619;190;124;109;saint_isidore;x;
620;206;227;196;casselman;x;
621;13;113;76;winchester_621;x;
622;185;55;109;brockville;x;
623;79;80;81;carleton_place;x;
624;235;54;159;calabogie;x;
625;80;126;210;westport;x;
626;25;117;107;gananoque;x;
627;70;29;103;kingston_627;x;
628;146;47;8;greater_napanee;x;
629;114;209;92;belleville_629;x;
630;175;231;11;cloyne;x;
631;10;138;2;denbigh;x;
632;106;127;32;dacre;x;
633;175;233;8;cobden;x;
634;117;99;5;barrys_bay;x;
635;95;62;133;east_algonquin;x;
636;180;100;239;whitney;x;
637;227;118;149;lake_st_peter;x;
638;128;118;202;mcarthurs_mills;x;
639;122;229;147;gunter;x;
640;203;53;9;cooper;x;
641;224;233;210;belleville;x;
642;71;211;90;prince-edward;x;
643;139;49;115;brighton;x;
644;230;153;34;ontario_644;x;
645;184;20;255;ontario_645;x;
646;18;14;133;ontario_646;x;
647;244;110;15;ontario_647;x;
648;142;12;21;ontario_648;x;
649;156;250;243;ontario_649;x;
650;227;208;223;ontario_650;x;
651;75;184;153;ontario_651;x;
652;89;110;43;ontario_652;x;
653;114;226;200;ontario_653;x;
654;247;89;42;ontario_654;x;
655;134;247;69;ontario_655;x;
656;10;129;232;ontario_656;x;
657;52;111;71;ontario_657;x;
658;209;30;104;ontario_658;x;
659;69;102;12;ontario_659;x;
660;209;51;71;ontario_660;x;
661;11;41;175;peterborough;x;
662;239;131;115;cobourg;x;
663;146;126;151;port_hope;x;
664;178;126;35;oshawa;x;
665;8;123;7;ontario_665;x;
666;175;133;217;ontario_666;x;
667;74;184;45;ontario_667;x;
668;227;164;76;ontario_668;x;
669;209;63;134;ontario_669;x;
670;179;141;150;ontario_670;x;
671;156;157;23;ontario_671;x;
672;204;15;81;ontario_672;x;
673;148;100;130;ontario_673;x;
674;73;32;240;ontario_674;x;
675;234;80;2;ontario_675;x;
676;76;213;60;ontario_676;x;
677;98;203;203;ontario_677;x;
678;200;198;107;ontario_678;x;
679;123;14;214;ontario_679;x;
680;217;54;116;ontario_680;x;
681;103;134;83;ontario_681;x;
682;221;232;17;ontario_682;x;
683;38;199;165;markham_683;x;
684;239;117;87;pickering;x;
685;79;246;115;toronto;x;
686;63;93;217;ontario_686;x;
687;202;152;7;ontario_687;x;
688;250;115;67;ontario_688;x;
689;185;62;202;ontario_689;x;
690;113;216;99;ontario_690;x;
691;28;36;171;ontario_691;x;
692;216;99;174;ontario_692;x;
693;32;224;224;ontario_693;x;
694;76;35;28;ontario_694;x;
695;32;76;28;ontario_695;x;
696;224;32;32;ontario_696;x;
697;59;58;175;ontario_697;x;
698;215;122;122;ontario_698;x;
699;63;249;28;ontario_699;x;
700;124;84;151;ontario_700;x;
701;92;191;19;ontario_701;x;
702;160;40;62;ontario_702;x;
703;179;17;17;ontario_703;x;
704;57;149;141;ontario_704;x;
705;213;215;37;ontario_705;x;
706;158;96;96;mississauga;x;
707;133;183;179;hamilton;x;
708;1;21;20;welland;x;
709;79;140;246;ontario_709;x;
710;160;138;40;ontario_710;x;
711;143;108;158;ontario_711;x;
712;38;135;34;ontario_712;x;
713;13;32;247;ontario_713;x;
714;191;155;24;ontario_714;x;
715;44;219;145;ontario_715;x;
716;28;32;76;ontario_716;x;
717;61;17;93;london;x;
718;110;170;150;ontario_718;x;
719;98;0;0;simcoe;x;
720;231;107;186;port_rowan;x;
721;130;182;82;ontario_721;x;
722;188;187;168;ontario_722;x;
723;219;198;44;ontario_723;x;
724;156;47;64;sarnia;x;
725;60;156;47;ontario_725;x;
726;138;33;148;walpole;x;
727;132;148;207;chatham;x;
728;126;198;75;windsor_728;x;
729;255;16;60;beaver_island;x;
730;102;149;149;michigan_730;x;
731;100;218;83;michigan_731;x;
732;218;83;215;michigan_732;x;
733;76;72;8;michigan_733;x;
734;2;17;110;michigan_734;x;
735;246;172;181;province_735;x;
736;255;237;29;michigan_736;x;
737;13;8;136;michigan_737;x;
738;246;172;171;michigan_738;x;
739;51;208;185;michigan_739;x;
740;172;52;174;michigan_740;x;
741;192;59;51;michigan_741;x;
742;42;198;28;michigan_742;x;
743;55;201;213;michigan_743;x;
744;255;108;0;michigan_744;x;
745;247;222;137;michigan_745;x;
746;255;16;31;michigan_746;x;
747;253;221;99;michigan_747;x;
748;47;158;42;michigan_748;x;
749;149;26;219;michigan_749;x;
750;232;20;20;michigan_750;x;
751;111;215;216;michigan_751;x;
752;66;59;168;michigan_752;x;
753;71;168;68;michigan_753;x;
754;88;55;22;michigan_754;x;
755;219;118;86;michigan_755;x;
756;81;199;66;michigan_756;x;
757;157;50;205;michigan_757;x;
758;187;47;0;michigan_758;x;
759;131;109;50;michigan_759;x;
760;64;196;40;michigan_760;x;
761;169;0;150;michigan_761;x;
762;192;87;51;michigan_762;x;
763;225;182;75;michigan_763;x;
764;28;125;122;michigan_764;x;
765;190;46;27;michigan_765;x;
766;143;44;187;michigan_766;x;
767;113;230;231;michigan_767;x;
768;106;99;78;michigan_768;x;
769;185;169;0;michigan_769;x;
770;139;12;12;michigan_770;x;
771;214;177;139;alma;x;
772;49;40;196;beaverton;x;
773;240;53;53;midland;x;
774;183;215;231;bay_city;x;
775;77;63;63;sand_point;x;
776;196;5;5;port hope;x;
777;84;98;187;port_sanilac;x;
778;205;198;70;fort_gratiot;x;
779;43;162;246;imlay_city;x;
780;162;13;150;kingston_780;x;
781;32;188;77;frankenmuth;x;
782;241;52;119;cilo;x;
783;18;45;125;thomas_township;x;
784;64;192;41;ithaca;x;
785;149;56;136;edmore;x;
786;168;50;62;rockford;x;
787;167;158;109;coopersville;x;
788;55;109;46;fremont_788;x;
789;217;40;67;muskegon;x;
790;98;225;50;holland;x;
791;81;39;208;grand_rapids;x;
792;245;221;28;iona;x;
793;146;193;153;st_johns;x;
794;71;37;81;chesaning;x;
795;172;205;33;flint;x;
796;151;35;249;lapeer;x;
797;41;135;15;dryden;x;
798;255;74;74;richmond_798;x;
799;221;128;208;detroit;x;
800;145;135;40;livonia;x;
801;240;10;10;fenton;x;
802;66;46;191;chelsea;x;
803;186;50;201;durand;x;
804;126;198;59;lansing;x;
805;17;38;128;charlotte;x;
806;183;29;98;lake_odessa;x;
807;189;240;223;nashville;x;
808;94;89;88;plainwell;x;
809;228;29;114;south_haven;x;
810;7;247;1;kalamazoo;x;
811;189;152;94;battle_creek;x;
812;126;161;6;tekonsha;x;
813;232;206;179;jackson;x;
814;197;54;155;manchester_814;x;
815;195;145;216;ann_arbor;x;
816;18;127;127;dearborn;x;
817;129;0;251;monroe;x;
818;133;134;88;dundee;x;
819;30;238;156;morenci;x;
820;236;140;13;hillsdale;x;
821;59;159;84;angola_821;x;
822;84;14;159;sturgis;x;
823;232;65;33;cassopolis;x;
824;27;231;235;benton_harbor;x;
825;227;24;75;michigan_city_825;x;
826;177;124;68;south_bend;x;
827;225;164;135;elkhart;x;
828;199;131;215;kendallville;x;
829;174;15;53;auburn;x;
830;191;16;246;montpelier;x;
831;144;77;50;napoleon;x;
832;135;255;136;swanton;x;
833;216;226;54;toledo;x;
834;196;18;92;ottowa_refuge;x;
835;45;130;42;sandusky;x;
836;137;92;228;norwalk;x;
837;79;227;178;lorain;x;
838;221;166;194;cleveland;x;
839;248;240;38;mentor;x;
840;158;244;208;geneva;x;
841;64;169;145;orwell;x;
842;66;50;44;chardon;x;
843;133;136;247;west_branch;x;
844;83;81;19;akron;x;
845;145;58;129;medina_845;x;
846;241;71;62;ruggles;x;
847;245;249;138;bucyrus;x;
848;13;212;32;fremont;x;
849;11;144;229;upper_sandusky;x;
850;187;68;199;tiffin;x;
851;61;47;104;bowling_green;x;
852;224;136;166;findley;x;
853;100;102;156;leipsic;x;
854;14;186;47;lima;x;
855;231;198;216;defiance;x;
856;10;69;191;fort_wayne;x;
857;159;196;12;warsaw_857;x;
858;19;190;143;syracuse;x;
859;115;199;103;plymouth_859;x;
860;203;219;127;michigan_city;x;
861;21;31;21;gary;x;
862;107;118;216;whiting;x;
863;218;52;70;province_863;x;
864;68;221;130;province_864;x;
865;29;20;65;province_865;x;
866;162;164;8;province_866;x;
867;3;105;249;province_867;x;
868;77;7;128;province_868;x;
869;15;139;79;province_869;x;
870;251;112;33;province_870;x;
871;150;192;96;province_871;x;
872;95;13;159;province_872;x;
873;189;233;19;province_873;x;
874;5;186;135;marysville_874;x;
875;160;19;129;delaware;x;
876;158;186;152;province_876;x;
877;8;108;148;province_877;x;
878;17;239;54;province_878;x;
879;145;55;73;canton;x;
880;8;92;7;minerva;x;
881;120;245;32;youngstown;x;
882;204;218;58;lisbon;x;
883;51;153;171;steubenville;x;
884;127;109;40;carrollton;x;
885;115;12;149;new_philadelphia;x;
886;179;216;127;coshocton;x;
887;109;30;247;mt_vernon;x;
888;127;230;222;granville;x;
889;241;199;240;columbus_889;x;
890;24;17;89;marysville;x;
891;185;60;0;kennard;x;
892;152;130;49;sidney;x;
893;167;19;196;lewisburg_893;x;
894;197;178;77;mason;x;
895;226;90;184;batavia;x;
896;46;50;39;winchester_896;x;
897;49;158;14;wilmington_897;x;
898;30;101;246;dayton;x;
899;230;72;81;vandalia;x;
900;12;160;13;west_jefferson;x;
901;92;130;120;washington_courthouse;x;
902;220;104;176;hillsboro_902;x;
903;198;145;244;blue_creek;x;
904;86;55;209;portsmouth;x;
905;2;159;175;piketon;x;
906;96;14;11;chillicothe;x;
907;211;106;12;circleville_907;x;
908;13;91;26;logan;x;
909;255;249;7;ohio_909;x;
910;128;15;11;ohio_910;x;
911;43;221;36;ohio_911;x;
912;62;31;104;ohio_912;x;
913;14;223;16;ohio_913;x;
914;83;63;223;ohio_914;x;
915;223;126;100;ohio_915;x;
916;157;101;58;newark;x;
917;246;79;222;ohio_917;x;
918;207;140;123;ohio_918;x;
919;243;144;2;ohio_919;x;
920;214;24;46;wheeling;x;
921;17;179;85;ohio_921;x;
922;127;43;64;ohio_922;x;
923;1;187;217;ohio_923;x;
924;87;231;143;ohio_924;x;
925;125;12;205;ohio_925;x;
926;153;114;147;ohio_926;x;
927;68;99;217;province_927;x;
928;180;163;190;province_928;x;
929;197;254;85;province_929;x;
930;113;226;207;province_930;x;
931;130;58;74;province_931;x;
932;208;151;204;province_932;x;
933;25;36;36;province_933;x;
934;60;177;127;province_934;x;
935;148;132;254;province_935;x;
936;94;165;10;province_936;x;
937;157;6;229;province_937;x;
938;33;213;87;province_938;x;
939;127;98;46;province_939;x;
940;164;40;143;province_940;x;
941;120;238;115;province_941;x;
942;92;14;14;province_942;x;
943;21;215;9;province_943;x;
944;110;127;144;province_944;x;
945;44;0;129;province_945;x;
946;152;88;34;province_946;x;
947;246;252;192;province_947;x;
948;122;198;177;province_948;x;
949;175;171;148;province_949;x;
950;81;96;16;province_950;x;
951;157;76;141;province_951;x;
952;134;220;149;province_952;x;
953;197;24;61;province_953;x;
954;241;215;110;province_954;x;
955;8;192;240;province_955;x;
956;152;196;77;province_956;x;
957;202;223;23;province_957;x;
958;15;209;48;province_958;x;
959;244;255;163;province_959;x;
960;168;164;8;province_960;x;
961;197;57;231;province_961;x;
962;73;116;24;province_962;x;
963;248;129;186;province_963;x;
964;220;110;27;province_964;x;
965;77;175;201;province_965;x;
966;137;171;60;province_966;x;
967;67;192;24;province_967;x;
968;253;197;35;province_968;x;
969;129;0;90;province_969;x;
970;110;223;119;province_970;x;
971;197;80;37;province_971;x;
972;0;164;149;province_972;x;
973;205;251;118;province_973;x;
974;101;30;167;province_974;x;
975;117;207;228;province_975;x;
976;190;247;140;province_976;x;
977;34;43;48;province_977;x;
978;184;148;77;province_978;x;
979;248;152;101;province_979;x;
980;54;65;208;province_980;x;
981;167;132;184;province_981;x;
982;144;77;7;province_982;x;
983;253;160;100;province_983;x;
984;198;229;231;province_984;x;
985;199;68;44;province_985;x;
986;127;3;103;province_986;x;
987;117;20;239;province_987;x;
988;72;255;140;province_988;x;
989;178;4;173;province_989;x;
990;80;89;45;province_990;x;
991;243;242;0;province_991;x;
992;6;119;141;province_992;x;
993;220;70;87;province_993;x;
994;94;226;73;province_994;x;
995;78;68;176;province_995;x;
996;212;84;208;province_996;x;
997;95;199;156;province_997;x;
998;247;208;110;province_998;x;
999;87;216;93;province_999;x;
1000;157;129;224;province_1000;x;
1001;194;239;20;province_1001;x;
1002;64;91;201;province_1002;x;
1003;113;68;78;province_1003;x;
1004;133;229;57;province_1004;x;
1005;123;98;62;province_1005;x;
1006;192;205;165;province_1006;x;
1007;60;124;233;province_1007;x;
1008;253;86;138;province_1008;x;
1009;218;228;72;province_1009;x;
1010;160;13;46;province_1010;x;
1011;118;124;32;province_1011;x;
1012;184;80;31;province_1012;x;
1013;194;61;189;province_1013;x;
1014;129;246;213;province_1014;x;
1015;227;242;2;province_1015;x;
1016;186;145;123;province_1016;x;
1017;208;230;0;province_1017;x;
1018;50;201;165;province_1018;x;
1019;177;193;155;province_1019;x;
1020;30;52;105;cincinnati;x;
1021;106;26;228;kentucky_1021;x;
1022;38;15;0;kentucky_1022;x;
1023;138;169;41;kentucky_1023;x;
1024;6;34;81;kentucky_1024;x;
1025;254;36;248;kentucky_1025;x;
1026;42;80;33;kentucky_1026;x;
1027;191;146;122;kentucky_1027;x;
1028;85;181;249;kentucky_1028;x;
1029;175;218;134;kentucky_1029;x;
1030;119;72;33;kentucky_1030;x;
1031;246;211;130;kentucky_1031;x;
1032;212;244;156;kentucky_1032;x;
1033;247;16;93;kentucky_1033;x;
1034;243;134;179;kentucky_1034;x;
1035;168;197;48;kentucky_1035;x;
1036;45;94;218;kentucky_1036;x;
1037;60;225;60;kentucky_1037;x;
1038;231;80;188;kentucky_1038;x;
1039;150;21;220;kentucky_1039;x;
1040;219;192;195;lexington_1040;x;
1041;138;140;186;georgetown;x;
1042;203;19;228;warsaw;x;
1043;88;227;77;covington_1043;x;
1044;229;224;58;lenoxburg;x;
1045;154;237;51;winchester;x;
1046;215;141;36;berea;x;
1047;62;10;6;stanton;x;
1048;179;238;108;mount_sterling;x;
1049;3;172;132;owingsville;x;
1050;175;73;98;maysville;x;
1051;78;92;88;vanceburg;x;
1052;150;8;90;grayson;x;
1053;192;221;201;crockett;x;
1054;198;240;71;falcon;x;
1055;132;190;246;manchester;x;
1056;237;141;166;whitesburg;x;
1057;201;179;82;pikeville;x;
1058;118;110;190;dunlow;x;
1059;118;48;141;ashland;x;
1060;59;243;217;south_shore;x;
1061;12;140;39;huntington;x;
1062;172;178;140;ranger;x;
1063;148;179;183;delbarton;x;
1064;7;124;253;elkhorn_city;x;
1065;205;239;103;laeger;x;
1066;70;191;92;lorado;x;
1067;174;93;102;chapmanville;x;
1068;56;234;181;bloomingrose;x;
1069;63;127;107;hurricane;x;
1070;44;36;203;charleston;x;
1071;180;147;6;new_haven;x;
1072;225;152;210;ravenswood;x;
1073;8;38;208;parkersburg;x;
1074;228;241;71;smithville;x;
1075;156;183;142;spencer;x;
1076;153;120;44;big_otter;x;
1077;160;176;106;montgomery;x;
1078;209;97;25;beckley;x;
1079;207;249;239;princeton;x;
1080;225;187;6;rich_creek;x;
1081;206;186;87;lewisburg;x;
1082;75;17;192;denmar;x;
1083;43;176;194;snowshoe_1083;x;
1084;104;14;85;dunmore;x;
1085;72;190;103;circleville;x;
1086;101;141;184;huttonsville;x;
1087;231;175;102;elkins_1087;x;
1088;12;229;154;parsons;x;
1089;157;24;2;sistersville;x;
1090;152;204;185;proctor;x;
1091;204;79;19;folsom;x;
1092;253;160;18;buckhannon;x;
1093;200;33;84;burnsville;x;
1094;39;10;121;bergoo;x;
1095;7;154;160;elkins;x;
1096;105;85;255;philippi;x;
1097;157;144;97;province_1097;x;
1098;198;127;211;province_1098;x;
1099;149;145;171;province_1099;x;
1100;67;22;19;province_1100;x;
1101;42;126;14;missouri_1101;x;
1102;144;33;149;missouri_1102;x;
1103;42;126;152;missouri_1103;x;
1104;207;17;17;missouri_1104;x;
1105;134;130;223;herculaneum;x;
1106;112;78;75;st_louis;x;
1107;167;41;186;chesterfield;x;
1108;145;212;43;luebbering;x;
1109;255;108;22;pea_ridge;x;
1110;218;186;218;belgrade;x;
1111;231;208;93;farmington;x;
1112;189;44;44;fredericktown;x;
1113;112;220;134;mark_twain_forest;x;
1114;198;197;28;missouri_1114;x;
1115;176;163;112;missouri_1115;x;
1116;77;166;162;missouri_1116;x;
1117;137;131;118;missouri_1117;x;
1118;100;91;36;missouri_1118;x;
1119;124;195;133;rolla;x;
1120;167;123;127;missouri_1120;x;
1121;43;182;124;missouri_1121;x;
1122;90;9;96;missouri_1122;x;
1123;132;229;28;missouri_1123;x;
1124;205;109;28;missouri_1124;x;
1125;104;12;121;missouri_1125;x;
1126;146;96;81;missouri_1126;x;
1127;132;146;157;missouri_1127;x;
1128;92;59;88;missouri_1128;x;
1129;217;194;54;missouri_1129;x;
1130;39;204;88;missouri_1130;x;
1131;50;138;80;missouri_1131;x;
1132;91;237;177;missouri_1132;x;
1133;152;105;168;missouri_1133;x;
1134;36;109;90;missouri_1134;x;
1135;215;136;96;missouri_1135;x;
1136;237;57;74;missouri_1136;x;
1137;19;100;0;missouri_1137;x;
1138;255;195;87;missouri_1138;x;
1139;121;216;66;missouri_1139;x;
1140;157;15;195;missouri_1140;x;
1141;161;226;52;missouri_1141;x;
1142;9;32;195;missouri_1142;x;
1143;136;57;88;missouri_1143;x;
1144;165;73;25;missouri_1144;x;
1145;210;225;19;missouri_1145;x;
1146;38;88;127;missouri_1146;x;
1147;147;191;102;st_peters;x;
1148;252;62;20;province_1148;x;
1149;218;224;180;province_1149;x;
1150;136;38;176;province_1150;x;
1151;81;111;31;province_1151;x;
1152;97;66;31;province_1152;x;
1153;6;32;129;province_1153;x;
1154;186;83;219;province_1154;x;
1155;204;213;50;province_1155;x;
1156;153;153;50;province_1156;x;
1157;239;99;86;province_1157;x;
1158;97;181;138;province_1158;x;
1159;171;220;199;province_1159;x;
1160;69;97;127;province_1160;x;
1161;249;47;90;province_1161;x;
1162;78;218;202;province_1162;x;
1163;156;66;108;province_1163;x;
1164;96;121;26;province_1164;x;
1165;189;116;230;province_1165;x;
1166;161;133;148;province_1166;x;
1167;28;84;45;province_1167;x;
1168;1;93;82;province_1168;x;
1169;153;153;80;province_1169;x;
1170;76;47;39;province_1170;x;
1171;126;123;100;province_1171;x;
1172;211;110;112;province_1172;x;
1173;59;131;189;province_1173;x;
1174;65;34;39;province_1174;x;
1175;0;143;57;province_1175;x;
1176;243;159;50;province_1176;x;
1177;201;60;50;province_1177;x;
1178;30;36;96;province_1178;x;
1179;201;60;32;province_1179;x;
1180;53;77;115;province_1180;x;
1181;74;25;44;province_1181;x;
1182;210;198;61;province_1182;x;
1183;156;28;247;province_1183;x;
1184;30;250;223;province_1184;x;
1185;180;184;111;province_1185;x;
1186;244;73;8;province_1186;x;
1187;102;239;17;province_1187;x;
1188;155;59;141;province_1188;x;
1189;153;24;41;province_1189;x;
1190;107;57;208;province_1190;x;
1191;197;116;105;province_1191;x;
1192;169;211;35;province_1192;x;
1193;128;38;229;province_1193;x;
1194;252;89;40;province_1194;x;
1195;220;36;71;province_1195;x;
1196;143;139;102;province_1196;x;
1197;237;118;14;province_1197;x;
1198;56;218;188;province_1198;x;
1199;218;94;34;province_1199;x;
1200;179;103;17;province_1200;x;
1201;62;107;60;province_1201;x;
1202;240;177;227;province_1202;x;
1203;79;17;226;province_1203;x;
1204;46;58;50;province_1204;x;
1205;203;40;33;province_1205;x;
1206;73;103;141;province_1206;x;
1207;222;19;66;province_1207;x;
1208;14;41;75;province_1208;x;
1209;228;160;16;province_1209;x;
1210;51;47;44;province_1210;x;
1211;109;63;91;province_1211;x;
1212;254;0;17;province_1212;x;
1213;126;123;82;province_1213;x;
1214;31;58;61;province_1214;x;
1215;177;66;72;province_1215;x;
1216;74;93;109;province_1216;x;
1217;61;100;45;province_1217;x;
1218;202;196;176;province_1218;x;
1219;229;81;55;province_1219;x;
1220;142;64;50;province_1220;x;
1221;243;159;24;province_1221;x;
1222;125;132;113;province_1222;x;
1223;245;64;33;province_1223;x;
1224;178;157;37;province_1224;x;
1225;234;66;66;province_1225;x;
1226;37;102;92;province_1226;x;
1227;9;11;226;province_1227;x;
1228;221;233;195;province_1228;x;
1229;174;160;75;province_1229;x;
1230;174;77;236;province_1230;x;
1231;180;76;67;province_1231;x;
1232;207;211;205;province_1232;x;
1233;111;79;40;province_1233;x;
1234;47;53;59;province_1234;x;
1235;208;208;217;province_1235;x;
1236;180;19;219;province_1236;x;
1237;164;93;71;province_1237;x;
1238;138;31;153;province_1238;x;
1239;234;20;24;province_1239;x;
1240;124;164;12;province_1240;x;
1241;193;135;107;province_1241;x;
1242;234;137;154;province_1242;x;
1243;0;187;45;province_1243;x;
1244;94;33;41;province_1244;x;
1245;64;244;227;province_1245;x;
1246;118;246;29;province_1246;x;
1247;79;50;19;province_1247;x;
1248;46;58;35;province_1248;x;
1249;35;26;36;province_1249;x;
1250;32;33;79;province_1250;x;
1251;100;28;52;province_1251;x;
1252;142;64;42;province_1252;x;
1253;48;132;70;province_1253;x;
1254;138;149;151;province_1254;x;
1255;179;40;50;province_1255;x;
1256;137;172;118;province_1256;x;
1257;96;110;140;province_1257;x;
1258;118;60;40;province_1258;x;
1259;255;164;32;province_1259;x;
1260;179;40;33;province_1260;x;
1261;73;126;118;province_1261;x;
1262;165;32;25;province_1262;x;
1263;0;40;0;province_1263;x;
1264;206;239;125;province_1264;x;
1265;136;0;138;province_1265;x;
1266;111;189;120;province_1266;x;
1267;124;89;180;province_1267;x;
1268;109;74;40;province_1268;x;
1269;106;24;40;province_1269;x;
1270;145;81;40;province_1270;x;
1271;67;69;87;province_1271;x;
1272;86;89;83;province_1272;x;
1273;29;85;23;province_1273;x;
1274;255;74;31;province_1274;x;
1275;59;40;127;province_1275;x;
1276;143;21;21;province_1276;x;
1277;200;143;52;province_1277;x;
1278;18;127;87;province_1278;x;
1279;186;32;155;province_1279;x;
1280;116;85;89;province_1280;x;
1281;36;21;105;province_1281;x;
1282;92;216;66;province_1282;x;
1283;198;227;51;province_1283;x;
1284;91;122;122;province_1284;x;
1285;128;37;121;province_1285;x;
1286;147;25;33;province_1286;x;
1287;169;197;22;province_1287;x;
1288;134;187;181;province_1288;x;
1289;140;17;17;province_1289;x;
1290;101;100;189;province_1290;x;
1291;215;19;19;province_1291;x;
1292;137;52;119;province_1292;x;
1293;23;186;21;province_1293;x;
1294;211;241;61;province_1294;x;
1295;202;73;25;province_1295;x;
1296;81;39;180;province_1296;x;
1297;249;173;118;province_1297;x;
1298;34;118;40;province_1298;x;
1299;91;78;154;province_1299;x;
1300;59;174;74;province_1300;x;
1301;54;63;98;centerville;x;
1302;224;188;64;province_1302;x;
1303;196;33;49;province_1303;x;
1304;129;97;102;province_1304;x;
1305;93;133;96;province_1305;x;
1306;227;145;37;province_1306;x;
1307;236;84;87;province_1307;x;
1308;18;140;87;province_1308;x;
1309;168;77;156;province_1309;x;
1310;63;78;144;province_1310;x;
1311;79;183;110;province_1311;x;
1312;199;27;52;province_1312;x;
1313;230;170;69;province_1313;x;
1314;66;89;160;province_1314;x;
1315;159;196;154;province_1315;x;
1316;209;229;62;province_1316;x;
1317;146;228;111;province_1317;x;
1318;221;50;81;province_1318;x;
1319;86;201;47;chicago;x;
1320;162;18;136;province_1320;x;
1321;36;54;126;province_1321;x;
1322;99;86;47;province_1322;x;
1323;90;22;96;province_1323;x;
1324;49;100;55;province_1324;x;
1325;171;76;185;province_1325;x;
1326;233;192;56;province_1326;x;
1327;216;37;16;province_1327;x;
1328;48;182;170;province_1328;x;
1329;229;232;33;province_1329;x;
1330;109;146;212;province_1330;x;
1331;227;0;114;province_1331;x;
1332;249;173;106;province_1332;x;
1333;19;87;0;province_1333;x;
1334;127;91;36;province_1334;x;
1335;141;105;118;province_1335;x;
1336;47;90;157;province_1336;x;
1337;147;221;106;province_1337;x;
1338;182;223;92;province_1338;x;
1339;138;34;139;province_1339;x;
1340;192;17;13;province_1340;x;
1341;137;199;118;province_1341;x;
1342;44;153;32;province_1342;x;
1343;141;144;153;province_1343;x;
1344;133;15;147;milwaukee;x;
1345;88;178;115;cedar_grove;x;
1346;227;2;37;hartford;x;
1347;156;98;101;watertown_1347;x;
1348;237;216;73;sun_prarie;x;
1349;167;25;179;madison;x;
1350;183;208;48;barnveld;x;
1351;58;148;45;jonesdale;x;
1352;18;179;141;dodgeville;x;
1353;198;56;26;richland_center;x;
1354;208;221;109;hillsboro_1354;x;
1355;59;204;86;baraboo;x;
1356;110;64;50;portage;x;
1357;205;137;28;randolph;x;
1358;30;157;138;columbus;x;
1359;84;39;133;lomira;x;
1360;205;78;28;sheboygan;x;
1361;64;192;81;brothertown;x;
1362;216;0;87;oshkosh;x;
1363;175;139;191;eureka;x;
1364;43;110;33;montello;x;
1365;122;75;67;friendship;x;
1366;68;220;249;wisconsin_dells;x;
1367;251;159;60;new_lisbon;x;
1368;92;216;127;necedah;x;
1369;245;28;53;pittsville;x;
1370;18;45;159;marshfield;x;
1371;249;173;65;athens;x;
1372;95;115;151;medford;x;
1373;116;232;98;tomahawk;x;
1374;19;40;0;merrill_1374;x;
1375;167;158;149;wausau;x;
1376;181;155;74;wisconsin_rapids;x;
1377;143;67;207;cottonville;x;
1378;78;163;33;plainfield;x;
1379;192;179;51;stevens_point;x;
1380;216;0;56;hogarty;x;
1381;247;222;40;dutch_corners;x;
1382;159;101;154;antigo;x;
1383;184;145;37;bowler;x;
1384;115;80;109;wittenberg;x;
1385;58;211;193;weyauwega;x;
1386;224;37;23;wautoma;x;
1387;176;163;33;appleton;x;
1388;104;193;193;kaukauna;x;
1389;236;3;45;maribel;x;
1390;115;135;134;manitowoc;x;
1391;135;58;157;two_rivers;x;
1392;39;148;151;sturgeon_bay;x;
1393;50;162;93;egg_harbor;x;
1394;221;205;104;bellevue;x;
1395;104;12;102;green_bay_1395;x;
1396;211;50;45;seymour;x;
1397;159;68;93;pulaski_1397;x;
1398;92;177;77;suamico;x;
1399;131;99;64;oconto_falls;x;
1400;1;87;24;conneaut;x;
1401;113;5;83;erie;x;
1402;134;18;10;north_east;x;
1403;121;214;121;fredonia;x;
1404;247;244;28;angola;x;
1405;119;201;32;buffalo;x;
1406;194;50;50;niagara_falls;x;
1407;186;32;201;medina;x;
1408;0;130;64;brockport;x;
1409;199;72;1;rochester;x;
1410;198;227;250;wolcott;x;
1411;161;199;140;oswego;x;
1412;244;119;36;new_york_1412;x;
1413;202;66;150;new_york_1413;x;
1414;107;234;4;new_york_1414;x;
1415;64;94;215;new_york_1415;x;
1416;144;110;88;new_york_1416;x;
1417;165;40;225;new_york_1417;x;
1418;210;154;146;new_york_1418;x;
1419;114;139;143;new_york_1419;x;
1420;149;121;56;province_1420;x;
1421;221;121;56;province_1421;x;
1422;253;87;131;province_1422;x;
1423;69;183;53;province_1423;x;
1424;64;84;150;province_1424;x;
1425;237;122;227;province_1425;x;
1426;150;133;2;province_1426;x;
1427;224;84;222;province_1427;x;
1428;137;230;126;province_1428;x;
1429;250;148;127;province_1429;x;
1430;17;229;176;province_1430;x;
1431;61;124;208;province_1431;x;
1432;96;88;22;province_1432;x;
1433;228;222;39;province_1433;x;
1434;61;244;88;province_1434;x;
1435;110;218;187;province_1435;x;
1436;234;124;244;province_1436;x;
1437;186;209;16;province_1437;x;
1438;14;145;72;province_1438;x;
1439;17;11;47;province_1439;x;
1440;146;91;91;province_1440;x;
1441;196;146;137;province_1441;x;
1442;231;59;220;province_1442;x;
1443;96;60;90;province_1443;x;
1444;126;170;112;province_1444;x;
1445;103;17;96;province_1445;x;
1446;175;245;87;province_1446;x;
1447;156;77;69;province_1447;x;
1448;180;242;25;province_1448;x;
1449;236;4;62;province_1449;x;
1450;92;140;135;province_1450;x;
1451;200;126;230;province_1451;x;
1452;76;73;183;province_1452;x;
1453;243;148;48;province_1453;x;
1454;2;150;142;province_1454;x;
1455;210;175;61;province_1455;x;
1456;90;138;138;province_1456;x;
1457;223;166;192;province_1457;x;
1458;173;222;16;province_1458;x;
1459;118;57;122;province_1459;x;
1460;251;152;148;province_1460;x;
1461;225;30;194;province_1461;x;
1462;244;192;55;province_1462;x;
1463;7;53;143;province_1463;x;
1464;176;152;165;province_1464;x;
1465;199;73;214;province_1465;x;
1466;201;199;2;province_1466;x;
1467;99;107;176;province_1467;x;
1468;39;57;13;province_1468;x;
1469;6;125;230;province_1469;x;
1470;113;242;163;province_1470;x;
1471;220;216;118;province_1471;x;
1472;115;101;133;province_1472;x;
1473;209;14;92;province_1473;x;
1474;134;62;235;province_1474;x;
1475;242;22;115;province_1475;x;
1476;100;105;150;pittsburgh;x;
1477;157;71;85;hillman;x;
1478;58;172;130;meadowlands;x;
1479;113;167;53;waynesburg;x;
1480;106;80;33;belle_vernon;x;
1481;197;111;128;uniontown;x;
1482;13;177;205;morgantown;x;
1483;83;172;14;province_1483;x;
1484;154;246;40;province_1484;x;
1485;245;79;161;province_1485;x;
1486;49;131;34;province_1486;x;
1487;226;171;252;province_1487;x;
1488;173;160;95;province_1488;x;
1489;16;56;149;province_1489;x;
1490;186;140;4;province_1490;x;
1491;165;163;173;province_1491;x;
1492;122;102;202;province_1492;x;
1493;119;91;76;province_1493;x;
1494;47;7;20;province_1494;x;
1495;87;43;204;province_1495;x;
1496;219;186;44;province_1496;x;
1497;245;214;204;province_1497;x;
1498;58;135;198;province_1498;x;
1499;91;152;3;province_1499;x;
1500;113;27;136;province_1500;x;
1501;172;167;12;hagerstown;x;
1502;157;188;140;harpers_ferry;x;
1503;16;210;197;ashburn;x;
1504;225;138;52;markham;x;
1505;232;99;100;strasburg;x;
1506;166;246;156;mt_jackson;x;
1507;14;125;98;harrisonburg;x;
1508;142;236;16;stauton;x;
1509;112;172;69;lexington;x;
1510;24;13;247;covington;x;
1511;168;213;69;snowshoe;x;
1512;63;226;125;hillsboro;x;
1513;247;152;82;gap_mills;x;
1514;137;170;192;roanoke;x;
1515;119;117;32;bedford;x;
1516;78;104;139;altavista;x;
1517;212;55;41;lynchburg;x;
1518;235;133;82;appomatox;x;
1519;132;197;75;blackstone;x;
1520;89;136;137;moseley;x;
1521;208;143;79;petersburg;x;
1522;173;24;24;waverly;x;
1523;23;128;143;yorktown;x;
1524;173;138;24;king_william;x;
1525;63;67;77;richmond;x;
1526;222;157;190;ruther_glen;x;
1527;212;59;46;yancyville;x;
1528;206;214;41;charlottesville;x;
1529;192;232;214;waynesboro;x;
1530;24;212;83;ruckersville;x;
1531;70;50;62;lahore;x;
1532;248;9;77;culpepper;x;
1533;19;45;178;fredericksburg;x;
1534;0;79;0;dalhgren;x;
1535;174;82;187;kilmarnock;x;
1536;26;219;91;saint_marys_city;x;
1537;136;149;36;huntingtown;x;
1538;47;60;8;annapolis;x;
1539;255;137;244;washington;x;
1540;139;115;193;la_plata;x;
1541;173;63;24;dumfries;x;
1542;54;220;89;warrenton;x;
1543;219;4;23;frederick;x;
1544;84;155;182;columbia;x;
1545;67;146;22;baltimore;x;
1546;144;126;179;aberdeen;x;
1547;253;62;195;hanover;x;
1548;169;134;105;taneytown;x;
1549;213;78;55;harrisburg;x;
1550;149;159;31;newport_1550;x;
1551;34;245;7;selinsgrove;x;
1552;97;44;54;hershey;x;
1553;168;240;109;york_1553;x;
1554;0;198;180;lancaster;x;
1555;146;22;108;elkton;x;
1556;181;178;87;townsend;x;
1557;135;28;103;stevensville;x;
1558;224;135;107;easton;x;
1559;61;193;38;cambridge;x;
1560;208;102;49;deal_island;x;
1561;107;160;149;chincoteague;x;
1562;231;87;87;onley;x;
1563;197;176;28;berlin;x;
1564;100;146;107;salisbury;x;
1565;188;110;162;ocean_city;x;
1566;168;3;212;lewes;x;
1567;168;3;62;millford;x;
1568;43;105;213;denton;x;
1569;87;57;36;dover;x;
1570;87;123;181;wilmington;x;
1571;103;79;67;bridgeton;x;
1572;211;183;169;atlantic_city;x;
1573;16;16;219;toms_river;x;
1574;0;164;0;lakewood;x;
1575;188;54;45;edison;x;
1576;216;0;255;trenton;x;
1577;13;148;140;philadephia;x;
1578;218;205;83;province_1578;x;
1579;4;41;45;province_1579;x;
1580;182;1;221;province_1580;x;
1581;55;66;62;province_1581;x;
1582;93;220;159;province_1582;x;
1583;234;39;156;province_1583;x;
1584;60;122;71;province_1584;x;
1585;245;142;187;province_1585;x;
1586;49;138;62;province_1586;x;
1587;184;87;80;province_1587;x;
1588;123;250;247;province_1588;x;
1589;181;240;148;province_1589;x;
1590;196;179;114;province_1590;x;
1591;3;249;117;province_1591;x;
1592;15;43;159;province_1592;x;
1593;205;119;64;province_1593;x;
1594;236;166;172;province_1594;x;
1595;113;235;20;province_1595;x;
1596;36;238;165;province_1596;x;
1597;144;38;10;province_1597;x;
1598;205;131;23;province_1598;x;
1599;179;232;82;province_1599;x;
1600;43;95;204;province_1600;x;
1601;219;40;38;province_1601;x;
1602;157;37;156;province_1602;x;
1603;67;124;223;province_1603;x;
1604;63;146;27;province_1604;x;
1605;42;200;226;province_1605;x;
1606;245;126;33;province_1606;x;
1607;161;202;84;province_1607;x;
1608;64;84;134;province_1608;x;
1609;177;22;23;province_1609;x;
1610;174;213;165;province_1610;x;
1611;202;155;95;province_1611;x;
1612;109;166;41;utica;x;
1613;157;68;182;province_1613;x;
1614;242;225;127;camden;x;
1615;158;13;236;pulaski;x;
1616;234;49;121;watertown;x;
1617;218;255;123;cape_vincent;x;
1618;106;156;134;alexandria_bay;x;
1619;242;112;5;fort_drum;x;
1620;149;253;56;tug_hill;x;
1621;223;91;29;booneville;x;
1622;68;222;190;remsen;x;
1623;215;113;187;ferris_lake;x;
1624;122;34;211;johnstown;x;
1625;29;206;71;cobleskill;x;
1626;213;237;88;ravena;x;
1627;243;212;86;albany;x;
1628;126;78;115;saratoga_srpings;x;
1629;17;172;132;northville;x;
1630;155;147;19;piseco;x;
1631;121;188;37;black_river;x;
1632;232;39;106;belfort;x;
1633;181;90;255;carthage;x;
1634;249;124;231;philadelphia;x;
1635;168;61;223;ogdensburg;x;
1636;171;148;145;waddington;x;
1637;120;107;234;massena;x;
1638;2;53;35;saint-anicet;x;
1639;217;166;19;deer_river;x;
1640;101;240;72;potsdam;x;
1641;37;70;2;tupper_lake;x;
1642;114;202;249;five_ponds;x;
1643;211;173;149;long_lake;x;
1644;200;216;95;newcomb;x;
1645;228;51;38;warrensburg;x;
1646;1;71;202;ticonderoga;x;
1647;8;119;109;elizabethtown;x;
1648;130;109;244;plattsburg;x;
1649;130;213;184;loon_lake;x;
1650;230;60;45;merrill;x;
1651;38;167;42;plattsburgh;x;
1652;204;198;221;saint-antoine-abbe;x;
1653;242;244;66;brossard;x;
1654;123;139;243;saint-jean-sur-richelieu;x;
1655;133;60;17;alburgh;x;
1656;15;1;12;saint-armond;x;
1657;206;37;52;granby;x;
1658;171;237;77;contreceur;x;
1659;154;32;210;sorel-tracy;x;
1660;165;142;0;becancour;x;
1661;151;43;124;victoriaville;x;
1662;182;219;90;val-des-sources;x;
1663;41;138;208;drummondville;x;
1664;91;210;5;magog;x;
1665;138;157;83;sherbrooke_1665;x;
1666;84;45;46;newport_1666;x;
1667;25;107;138;enosburg;x;
1668;209;161;79;stowe;x;
1669;89;175;96;burlington;x;
1670;66;242;10;warren;x;
1671;14;247;239;ferrisburgh;x;
1672;206;191;175;middlebury;x;
1673;70;28;179;castleton;x;
1674;209;147;181;west_hebron;x;
1675;241;35;21;hoosick_falls;x;
1676;135;199;177;rensselaer;x;
1677;23;65;229;hudson;x;
1678;44;233;28;pittsfield;x;
1679;164;106;102;canaan;x;
1680;94;148;54;province_1680;x;
1681;216;77;6;province_1681;x;
1682;61;88;198;province_1682;x;
1683;201;32;145;new_york_1683;x;
1684;73;241;36;brooklyn;x;
1685;125;113;164;bay_shore;x;
1686;28;128;131;southampton;x;
1687;78;123;49;province_1687;x;
1688;220;237;183;province_1688;x;
1689;108;147;155;province_1689;x;
1690;131;109;28;province_1690;x;
1691;53;38;138;newport;x;
1692;193;170;188;nantucket;x;
1693;175;95;153;plymouth;x;
1694;79;206;75;fall_river;x;
1695;18;113;15;providence;x;
1696;7;61;146;province_1696;x;
1697;222;74;111;province_1697;x;
1698;85;250;38;province_1698;x;
1699;239;48;133;province_1699;x;
1700;204;215;167;province_1700;x;
1701;236;122;43;province_1701;x;
1702;211;6;124;foxborough;x;
1703;93;110;197;quincy;x;
1704;103;81;65;boston;x;
1705;48;10;161;province_1705;x;
1706;176;156;205;province_1706;x;
1707;104;195;147;province_1707;x;
1708;140;70;245;province_1708;x;
1709;252;103;121;province_1709;x;
1710;205;214;151;province_1710;x;
1711;223;38;1;province_1711;x;
1712;225;199;90;province_1712;x;
1713;126;216;171;province_1713;x;
1714;86;10;119;province_1714;x;
1715;172;209;30;province_1715;x;
1716;141;58;243;province_1716;x;
1717;31;231;144;province_1717;x;
1718;220;233;113;province_1718;x;
1719;185;73;5;province_1719;x;
1720;58;174;23;province_1720;x;
1721;218;128;73;province_1721;x;
1722;86;16;73;province_1722;x;
1723;227;179;144;province_1723;x;
1724;102;130;105;province_1724;x;
1725;73;144;226;province_1725;x;
1726;109;25;176;province_1726;x;
1727;124;205;21;province_1727;x;
1728;238;113;95;province_1728;x;
1729;12;68;86;province_1729;x;
1730;214;225;141;province_1730;x;
1731;59;168;190;province_1731;x;
1732;246;246;127;province_1732;x;
1733;127;204;135;province_1733;x;
1734;105;138;117;province_1734;x;
1735;119;147;197;province_1735;x;
1736;78;220;166;province_1736;x;
1737;213;27;15;province_1737;x;
1738;241;146;68;province_1738;x;
1739;204;11;66;province_1739;x;
1740;21;81;108;province_1740;x;
1741;88;167;249;province_1741;x;
1742;164;144;41;province_1742;x;
1743;181;245;52;province_1743;x;
1744;85;67;116;province_1744;x;
1745;6;96;217;province_1745;x;
1746;236;66;56;province_1746;x;
1747;12;128;203;province_1747;x;
1748;32;162;19;province_1748;x;
1749;42;7;34;province_1749;x;
1750;253;240;195;province_1750;x;
1751;177;50;222;province_1751;x;
1752;61;130;145;province_1752;x;
1753;86;235;69;province_1753;x;
1754;121;254;244;province_1754;x;
1755;82;205;81;province_1755;x;
1756;6;107;224;province_1756;x;
1757;16;175;93;province_1757;x;
1758;177;16;193;province_1758;x;
1759;141;89;91;province_1759;x;
1760;3;238;23;province_1760;x;
1761;45;248;179;province_1761;x;
1762;196;96;59;province_1762;x;
1763;217;143;179;province_1763;x;
1764;182;156;12;province_1764;x;
1765;106;132;96;province_1765;x;
1766;144;43;26;province_1766;x;
1767;182;247;17;province_1767;x;
1768;129;135;252;province_1768;x;
1769;238;105;44;province_1769;x;
1770;86;55;11;province_1770;x;
1771;200;190;53;province_1771;x;
1772;125;138;92;province_1772;x;
1773;204;211;105;province_1773;x;
1774;150;127;159;province_1774;x;
1775;151;208;166;province_1775;x;
1776;8;172;80;province_1776;x;
1777;214;175;51;province_1777;x;
1778;62;15;27;province_1778;x;
1779;60;26;159;province_1779;x;
1780;208;205;166;province_1780;x;
1781;177;41;222;province_1781;x;
1782;211;233;250;province_1782;x;
1783;126;225;130;province_1783;x;
1784;193;152;13;province_1784;x;
1785;7;154;79;province_1785;x;
1786;210;60;92;province_1786;x;
1787;29;97;45;province_1787;x;
1788;231;88;107;province_1788;x;
1789;155;201;20;province_1789;x;
1790;56;191;144;province_1790;x;
1791;45;9;112;province_1791;x;
1792;188;62;9;province_1792;x;
1793;250;30;116;province_1793;x;
1794;8;180;165;province_1794;x;
1795;138;39;114;province_1795;x;
1796;35;97;232;province_1796;x;
1797;211;3;45;grand_manan;x;
1798;2;232;67;province_1798;x;
1799;27;198;229;province_1799;x;
1800;22;218;141;province_1800;x;
1801;96;54;242;beaufort;x;
1802;54;20;21;plaster_rock;x;
1803;91;128;161;perth-andover;x;
1804;55;48;58;fort_kent;x;
1805;105;173;105;edmundston;x;
1806;110;1;68;temiscouata-sur-le-lac;x;
1807;204;48;59;kamouraska;x;
1808;118;107;99;riviere-du-loup;x;
1809;68;195;33;trois-pistoles;x;
1810;247;204;68;saint-fabien;x;
1811;117;41;161;rimouski;x;
1812;224;59;51;mont-joli;x;
1813;136;150;3;matane;x;
1814;44;210;95;nackawic;x;
1815;129;250;156;amqui;x;
1816;235;237;16;saint-charles-garnier;x;
1817;11;60;245;lac_mistigougeche;x;
1818;162;34;30;biencourt;x;
1819;204;139;166;rapids_depot;x;
1820;3;213;81;canton-jette;x;
1821;105;115;122;causapscal;x;
1822;163;77;155;pointe-a-la-croix;x;
1823;82;53;77;carleton-sur-mer;x;
1824;127;199;95;province_1824;x;
1825;178;185;84;province_1825;x;
1826;20;57;45;cap-chat;x;
1827;99;113;140;lanse-pleureuse;x;
1828;173;15;7;riviere-au-renard;x;
1829;66;34;181;gaspe;x;
1830;131;34;50;murdochville;x;
1831;102;69;216;province_1831;x;
1832;55;129;41;province_1832;x;
1833;219;221;68;perce;x;
1834;143;46;46;chandler;x;
1835;7;173;143;province_1835;x;
1836;79;100;128;province_1836;x;
1837;153;114;19;new_richmond;x;
1838;49;162;198;campbellton;x;
1839;224;48;101;province_1839;x;
1840;167;170;120;province_1840;x;
1841;40;90;72;province_1841;x;
1842;156;161;39;province_1842;x;
1843;33;98;15;province_1843;x;
1844;225;84;20;province_1844;x;
1845;175;122;79;province_1845;x;
1846;36;245;144;belledune;x;
1847;1;13;224;province_1847;x;
1848;220;126;117;caraquet;x;
1849;174;158;44;province_1849;x;
1850;164;229;101;province_1850;x;
1851;67;161;239;province_1851;x;
1852;90;98;124;province_1852;x;
1853;109;148;216;province_1853;x;
1854;35;170;67;province_1854;x;
1855;180;223;83;province_1855;x;
1856;224;85;96;province_1856;x;
1857;150;132;203;province_1857;x;
1858;238;149;35;province_1858;x;
1859;196;118;172;province_1859;x;
1860;234;241;32;province_1860;x;
1861;192;58;58;province_1861;x;
1862;189;196;193;province_1862;x;
1863;2;29;124;province_1863;x;
1864;102;243;144;province_1864;x;
1865;251;1;76;province_1865;x;
1866;207;234;246;province_1866;x;
1867;213;140;126;province_1867;x;
1868;38;82;227;summerside;x;
1869;25;97;0;charlottetown;x;
1870;120;97;142;montague;x;
1871;116;21;21;magdalen;x;
1872;217;107;0;dingwall;x;
1873;217;107;170;margaree;x;
1874;72;227;170;sydney;x;
1875;157;44;205;louisbourg;x;
1876;72;107;170;inverness;x;
1877;119;97;0;hawkesbury;x;
1878;97;87;135;guysborough;x;
1879;135;69;100;new_glasgow;x;
1880;19;73;123;governor_lake;x;
1881;63;110;86;sherbrooke;x;
1882;176;51;142;sheet_harbour;x;
1883;76;52;85;tangier_grand_lake;x;
1884;125;39;39;dartmouth;x;
1885;86;218;214;halifax;x;
1886;59;125;34;hubbards;x;
1887;144;5;115;new_germany;x;
1888;94;32;81;lunenburg;x;
1889;19;164;41;greenfield;x;
1890;159;164;19;volgers_cove;x;
1891;112;68;21;lake_rossignol_1891;x;
1892;125;21;132;port_mouton;x;
1893;112;132;21;shelburne;x;
1894;56;255;243;clarks_harbour;x;
1895;174;4;191;upper_clyde_river;x;
1896;105;143;94;yarmouth;x;
1897;238;146;146;saulnierville;x;
1898;140;185;116;kejimkuik;x;
1899;200;134;3;digby;x;
1900;116;185;181;annapolis_royal;x;
1901;118;86;86;caledonia;x;
1902;6;63;56;bridgetown;x;
1903;120;164;56;cloud_lake;x;
1904;132;113;171;greenwood;x;
1905;191;138;191;wolfville;x;
1906;231;105;105;new_ross;x;
1907;52;71;46;windsor;x;
1908;52;85;84;stewiake;x;
1909;116;108;71;truro;x;
1910;246;72;0;tatamagouche;x;
1911;135;147;36;amherst;x;
1912;100;161;3;advocate_harbour;x;
1913;75;99;170;sackville;x;
1914;84;80;98;coxsackie;x;
1915;146;215;57;kingston;x;
1916;42;141;203;atlantic;x;
1917;13;146;134;atlantic_coast_1;x;
1918;4;92;237;atlantic_coast_2;x;
1919;90;199;182;atlantic_coast_3;x;
1920;78;157;207;atlantic_coast_4;x;
1921;45;128;151;atlantic_coast_5;x;
1922;114;215;206;atlantic_coast_6;x;
1923;94;156;242;atlantic_coast_7;x;
1924;1;234;177;atlantic_coast_8;x;
1925;60;69;252;atlantic_coast_9;x;
1926;8;7;70;atlantic_coast_10;x;
1927;2;216;210;atlantic_coast_11;x;
1928;40;234;146;atlantic_coast_12;x;
1929;63;114;203;atlantic_coast_13;x;
1930;60;146;161;bay_of_fundy;x;
1931;0;196;223;northumerland_strait_1;x;
1932;24;115;104;northumerland_strait_2;x;
1933;17;161;161;gulf_of_st_lawrence_1;x;
1934;22;112;231;gulf_of_st_lawrence_2;x;
1935;32;17;188;gulf_of_st_lawrence_3;x;
1936;125;116;213;atlantic_coast_14;x;
1937;53;240;252;atlantic_coast_15;x;
1938;2;27;196;atlantic_coast_16;x;
1939;85;96;170;atlantic_coast_17;x;
1940;45;101;253;atlantic_coast_18;x;
1941;7;105;213;gulf_of_st_lawrence_4;x;
1942;90;95;232;gulf_of_st_lawrence_5;x;
1943;2;52;78;gulf_of_st_lawrence_6;x;
1944;126;178;203;gulf_of_st_lawrence_7;x;
1945;63;68;207;gulf_of_st_lawrence_8;x;
1946;4;157;249;gulf_of_st_lawrence_9;x;
1947;72;129;171;gulf_of_st_lawrence_10;x;
1948;21;113;164;gulf_of_st_lawrence_11;x;
1949;174;210;237;gulf_of_st_lawrence_12;x;
1950;23;145;232;gulf_of_st_lawrence_13;x;
1951;66;56;224;gulf_of_st_lawrence_14;x;
1952;33;179;227;gulf_of_st_lawrence_15;x;
1953;93;132;168;gulf_of_st_lawrence_16;x;
1954;61;117;184;gulf_of_st_lawrence_17;x;
1955;63;106;166;gulf_of_st_lawrence_18;x;
1956;107;133;135;gulf_of_st_lawrence_19;x;
1957;74;125;131;gulf_of_st_lawrence_20;x;
1958;65;214;199;gulf_of_st_lawrence_21;x;
1959;64;125;127;gulf_of_st_lawrence_22;x;
1960;107;141;248;gulf_of_st_lawrence_23;x;
1961;91;237;242;gulf_of_st_lawrence_24;x;
1962;76;183;219;gulf_of_st_lawrence_25;x;
1963;44;114;192;gulf_of_st_lawrence_26;x;
1964;33;2;211;gulf_of_st_lawrence_27;x;
1965;22;157;178;gulf_of_st_lawrence_28;x;
1966;130;23;9;st_lawrence_1;x;
1967;215;72;161;st_lawrence_2;x;
1968;151;32;106;st_lawrence_3;x;
1969;146;65;149;st_lawrence_4;x;
1970;230;157;234;st_lawrence_5;x;
1971;124;47;88;ottawa_river_1;x;
1972;236;40;15;ottawa_river_2;x;
1973;254;109;5;ottawa_river_3;x;
1974;238;28;141;ottawa_river_4;x;
1975;139;66;134;ottawa_river_5;x;
1976;238;92;168;ottawa_river_6;x;
1977;137;74;97;ottawa_river_7;x;
1978;68;4;136;ottawa_river_8;x;
1979;206;141;241;lake_nipissing;x;
1980;167;83;62;st_lawrence_6;x;
1981;139;33;124;st_lawrence_7;x;
1982;155;134;160;st_lawrence_8;x;
1983;197;62;162;st_lawrence_9;x;
1984;64;30;56;st_lawrence_10;x;
1985;27;78;171;ontario_east;x;
1986;69;57;135;ontario_center;x;
1987;137;99;182;ontario_west;x;
1988;181;67;178;niagara_river;x;
1989;93;74;174;erie_east;x;
1990;9;157;148;erie_center;x;
1991;99;228;242;erie_west;x;
1992;183;54;119;lake_st_clair;x;
1993;145;93;143;st_clari_river;x;
1994;60;88;128;huron_south;x;
1995;17;67;230;saginaw_bay;x;
1996;9;194;216;thunder_bay;x;
1997;7;14;157;huron_center;x;
1998;75;145;137;georgian_bay_south;x;
1999;37;85;81;georgian_bay_north;x;
2000;69;76;177;providence_bay;x;
2001;30;216;233;huron_north;x;
2002;124;178;195;huron_northwest;x;
2003;230;137;195;st_marys_river;x;
2004;0;218;179;batchawana_bay;x;
2005;149;140;227;michipoten_bay;x;
2006;119;162;170;keweenaw_bay;x;
2007;64;163;225;great_sand_bay;x;
2008;35;253;249;chequamegon_bay;x;
2009;90;189;182;superior_bay;x;
2010;106;212;200;grand_marais_coast;x;
2011;126;193;214;black_bay;x;
2012;63;170;203;nipigon_bay;x;
2013;101;111;196;mackinac_coast;x;
2014;65;147;213;beaver_bay;x;
2015;62;111;231;green_bay;x;
2016;1;8;113;arm_grand_traverse_bay;x;
2017;53;71;126;manitowoc_coast;x;
2018;73;61;197;frankfor_coast;x;
2019;120;127;245;milwaukee_coast;x;
2020;9;156;209;muskegon_coast;x;
2021;12;169;191;southeast_michigan;x;
2022;18;155;233;southwest_michigan;x;
2023;159;31;111;illinois_1;x;
2024;179;137;148;illinois_2;x;
2025;198;6;87;illinois_3;x;
2026;108;43;66;illinois_4;x;
2027;253;114;97;illinois_5;x;
2028;221;56;188;illinois_6;x;
2029;170;71;211;illinois_7;x;
2030;115;61;87;mississippi_1;x;
2031;62;40;97;mississippi_2;x;
2032;168;80;245;mississippi_3;x;
2033;134;39;194;mississippi_4;x;
2034;173;94;155;mississippi_5;x;
2035;201;7;212;mississippi_6;x;
2036;210;54;72;mississippi_7;x;
2037;173;88;182;mississippi_8;x;
2038;214;51;218;mississippi_9;x;
2039;239;133;212;mississippi_10;x;
2040;205;48;165;mississippi_11;x;
2041;48;7;30;mississippi_12;x;
2042;177;42;90;mississippi_13;x;
2043;233;54;73;mississippi_14;x;
2044;234;97;202;mississippi_15;x;
2045;198;57;173;mississippi_16;x;
2046;168;45;173;mississippi_17;x;
2047;94;39;179;missouri_1;x;
2048;166;19;243;missouri_2;x;
2049;141;32;172;missouri_3;x;
2050;185;90;255;missouri_4;x;
2051;223;55;200;missouri_5;x;
2052;205;152;254;missouri_6;x;
2053;175;85;157;mississippi_18;x;
2054;202;147;242;mississippi_19;x;
2055;179;58;71;mississippi_20;x;
2056;160;13;252;ohio_1;x;
2057;172;38;157;ohio_2;x;
2058;252;77;220;ohio_3;x;
2059;220;129;188;ohio_4;x;
2060;179;2;236;ohio_5;x;
2061;248;129;195;ohio_6;x;
2062;209;122;249;ohio_7;x;
2063;237;54;149;ohio_8;x;
2064;237;85;97;ohio_9;x;
2065;187;69;95;ohio_10;x;
2066;172;34;134;ohio_11;x;
2067;198;109;204;ohio_12;x;
2068;108;7;74;ohio_13;x;
2069;230;86;90;ohio_14;x;
2070;183;37;141;ohio_15;x;
2071;139;122;198;delaware_bay;x;
2072;22;47;198;elk_river;x;
2073;98;217;210;tangier_sound;x;
2074;123;200;184;potomac_1;x;
2075;25;71;146;potomac_2;x;
2076;19;81;192;york;x;
2077;18;37;192;rappahannock_river;x;
2078;255;114;199;hudson_1;x;
2079;119;42;70;hudson_2;x;
2080;208;129;158;hudson_3;x;
2081;168;95;121;hudson_4;x;
2082;131;33;88;hudson_5;x;
2083;231;189;213;hudson_6;x;
2084;53;122;110;gulf_of_st_lawrence_29;x;
2085;124;29;148;appalachian_1;x;
2086;148;110;158;appalachian_2;x;
2087;226;158;242;appalachian_3;x;
2088;217;104;245;appalachian_4;x;
2089;161;46;189;appalachian_5;x;
2090;194;22;236;appalachian_6;x;
2091;227;69;219;appalachian_7;x;
2092;177;18;169;appalachian_8;x;
2093;112;28;108;appalachian_9;x;
2094;44;182;218;gander_lake;x;
2095;34;82;153;twin_lakes;x;
2096;106;142;196;red_indian_lake;x;
2097;30;111;205;meelpaeg;x;
2098;91;177;215;bras_dor_lake;x;
2099;15;103;140;lake_rossignol;x;
2100;153;106;221;lake_2100;x;
2101;37;30;141;lake_2101;x;
2102;56;39;177;lake_2102;x;
2103;130;209;167;lake_2103;x;
2104;37;80;241;lac_manicouagan;x;
2105;9;106;145;lake_2105;x;
2106;47;105;188;lake_2106;x;
2107;96;130;220;lake_2107;x;
2108;97;70;150;lake_2108;x;
2109;74;103;129;lake_2109;x;
2110;174;175;235;lake_2110;x;
2111;41;72;170;lake_2111;x;
2112;126;128;192;lake_2112;x;
2113;60;80;201;lake_2113;x;
2114;104;175;168;lake_saint-jean;x;
2115;66;134;109;lake_2115;x;
2116;42;115;139;lake_2116;x;
2117;33;115;90;lake_2117;x;
2118;98;210;184;lake_mistassini;x;
2119;36;106;90;lake_2119;x;
2120;76;177;132;lake_2120;x;
2121;31;71;84;lake_2121;x;
2122;125;109;241;lake_2122;x;
2123;72;219;171;lake_2123;x;
2124;54;49;185;lake_2124;x;
2125;58;81;92;lake_2125;x;
2126;110;145;217;lake_2126;x;
2127;50;33;145;lake_2127;x;
2128;118;127;206;upper_rideau_lake;x;
2129;23;46;209;reservoir_baskatong;x;
2130;8;97;209;reservoir_cabonga;x;
2131;142;134;218;reservoir_dozois;x;
2132;62;121;211;lake_2132;x;
2133;84;29;191;lake_2133;x;
2134;3;130;163;lake_2134;x;
2135;143;206;232;lake_2135;x;
2136;183;251;202;lake_2136;x;
2137;28;65;84;lake_2137;x;
2138;127;29;254;lake_2138;x;
2139;99;146;175;lake_2139;x;
2140;8;32;190;lake_2140;x;
2141;94;58;159;lake_2141;x;
2142;166;185;238;lake_2142;x;
2143;92;144;217;lake_2143;x;
2144;33;75;133;lake_muskoke;x;
2145;4;173;154;lake_simcoe;x;
2146;56;205;150;lake_2146;x;
2147;139;217;220;lake_2147;x;
2148;39;153;157;lake_2148;x;
2149;79;144;120;lake_2149;x;
2150;13;16;133;lake_winnebago;x;
2151;38;131;217;lake_2151;x;
2152;76;96;196;mille_lacs_lake;x;
2153;64;10;159;lake_2153;x;
2154;5;21;125;rainy_lake;x;
2155;87;76;168;lake_2155;x;
2156;52;155;207;silvertip_lake;x;
2157;41;134;155;lake_2157;x;
2158;87;139;144;lake_2158;x;
2159;87;200;212;lake_2159;x;
2160;104;212;209;lake_2160;x;
2161;64;65;222;lake_2161;x;
2162;103;171;216;lake_2162;x;
2163;63;131;210;lake_2163;x;
2164;122;122;131;lake_2164;x;
2165;120;148;153;lake_nipigon;x;
2166;80;151;131;lake_2166;x;
2167;103;133;165;lake_2167;x;
2168;45;72;136;lake_2168;x;
2169;105;81;170;lake_2169;x;
2170;14;87;235;lake_2170;x;
2171;115;124;205;lake_2171;x;
2172;58;67;146;lake_2172;x;
2173;71;168;173;lake_2173;x;
2174;66;114;190;lake_2174;x;
2175;22;143;205;lake_2175;x;
2176;78;110;205;lake_2176;x;
2177;18;18;145;lake_2177;x;
2178;73;81;149;lake_2178;x;
2179;58;70;87;lake_2179;x;
2180;49;136;149;lake_2180;x;
2181;23;155;146;lake_2181;x;
2182;94;142;170;lake_2182;x;
2183;100;180;226;lake_2183;x;
2184;255;190;31;province_2184;x;
2185;5;81;58;province_2185;x;
2186;118;9;232;province_2186;x;
2187;82;66;135;lake_province_2187;x;
2188;144;197;15;canadian_wasteland;x;
2189;52;112;230;lake_2189;x;
2190;58;107;171;lake_2190;x;
2191;22;13;122;lake_2191;x;
2192;124;164;248;lake_2192;x;
